2026 WA Information,,,,,,,,,
Index Number,Class,English WA,English WA Topic,Maths WA,Maths WA Topic,Science WA,Science WA Topic,Mother Tongue WA,Mother Tongue WA Topic
1,3P,2-Mar,Oral,3-Mar,Multiplication,10-Mar,Diversity of Living & Non Living Things,9-Mar,Oral
2,3P,2-Mar,Oral,3-Mar,Multiplication,10-Mar,Diversity of Living & Non Living Things,9-Mar,Oral
3,3P,2-Mar,Oral,3-Mar,Multiplication,10-Mar,Diversity of Living & Non Living Things,9-Mar,Oral
4,3P,2-Mar,Oral,3-Mar,Multiplication,10-Mar,Diversity of Living & Non Living Things,9-Mar,Oral
5,3P,2-Mar,Oral,3-Mar,Multiplication,10-Mar,Diversity of Living & Non Living Things,9-Mar,Oral
6,3P,2-Mar,Oral,3-Mar,Multiplication,10-Mar,Diversity of Living & Non Living Things,9-Mar,Oral
7,3P,2-Mar,Oral,3-Mar,Multiplication,10-Mar,Diversity of Living & Non Living Things,9-Mar,Oral
8,3P,2-Mar,Oral,3-Mar,Multiplication,10-Mar,Diversity of Living & Non Living Things,9-Mar,Oral
9,3P,2-Mar,Oral,3-Mar,Multiplication,10-Mar,Diversity of Living & Non Living Things,9-Mar,Oral
10,3P,2-Mar,Oral,3-Mar,Multiplication,10-Mar,Diversity of Living & Non Living Things,9-Mar,Oral
11,3P,2-Mar,Oral,3-Mar,Multiplication,10-Mar,Diversity of Living & Non Living Things,9-Mar,Oral
12,3P,2-Mar,Oral,3-Mar,Multiplication,10-Mar,Diversity of Living & Non Living Things,9-Mar,Oral
13,3P,2-Mar,Oral,3-Mar,Multiplication,10-Mar,Diversity of Living & Non Living Things,9-Mar,Oral
14,3P,2-Mar,Oral,3-Mar,Multiplication,10-Mar,Diversity of Living & Non Living Things,9-Mar,Oral
15,3P,2-Mar,Oral,3-Mar,Multiplication,10-Mar,Diversity of Living & Non Living Things,9-Mar,Oral
16,3P,2-Mar,Oral,3-Mar,Multiplication,10-Mar,Diversity of Living & Non Living Things,9-Mar,Oral
17,3P,2-Mar,Oral,3-Mar,Multiplication,10-Mar,Diversity of Living & Non Living Things,9-Mar,Oral
18,3P,2-Mar,Oral,3-Mar,Multiplication,10-Mar,Diversity of Living & Non Living Things,9-Mar,Oral
19,3P,2-Mar,Oral,3-Mar,Multiplication,10-Mar,Diversity of Living & Non Living Things,9-Mar,Oral
20,3P,2-Mar,Oral,3-Mar,Multiplication,10-Mar,Diversity of Living & Non Living Things,9-Mar,Oral
21,3P,2-Mar,Oral,3-Mar,Multiplication,10-Mar,Diversity of Living & Non Living Things,9-Mar,Oral
22,3P,2-Mar,Oral,3-Mar,Multiplication,10-Mar,Diversity of Living & Non Living Things,9-Mar,Oral
23,3P,2-Mar,Oral,3-Mar,Multiplication,10-Mar,Diversity of Living & Non Living Things,9-Mar,Oral
24,3P,2-Mar,Oral,3-Mar,Multiplication,10-Mar,Diversity of Living & Non Living Things,9-Mar,Oral
25,3P,2-Mar,Oral,3-Mar,Multiplication,10-Mar,Diversity of Living & Non Living Things,9-Mar,Oral
26,3P,2-Mar,Oral,3-Mar,Multiplication,10-Mar,Diversity of Living & Non Living Things,9-Mar,Oral
27,3P,2-Mar,Oral,3-Mar,Multiplication,10-Mar,Diversity of Living & Non Living Things,9-Mar,Oral
28,3P,2-Mar,Oral,3-Mar,Multiplication,10-Mar,Diversity of Living & Non Living Things,9-Mar,Oral
1,3I,5-Mar,Oral,5-Mar,Multiplication,46071,Diversity of Living & Non Living Things,9-Mar,Oral
2,3I,5-Mar,Oral,5-Mar,Multiplication,46071,Diversity of Living & Non Living Things,9-Mar,Oral
3,3I,5-Mar,Oral,5-Mar,Multiplication,46071,Diversity of Living & Non Living Things,9-Mar,Oral
4,3I,5-Mar,Oral,5-Mar,Multiplication,46071,Diversity of Living & Non Living Things,9-Mar,Oral
5,3I,5-Mar,Oral,5-Mar,Multiplication,46071,Diversity of Living & Non Living Things,9-Mar,Oral
6,3I,5-Mar,Oral,5-Mar,Multiplication,46071,Diversity of Living & Non Living Things,9-Mar,Oral
7,3I,5-Mar,Oral,5-Mar,Multiplication,46071,Diversity of Living & Non Living Things,9-Mar,Oral
8,3I,5-Mar,Oral,5-Mar,Multiplication,46071,Diversity of Living & Non Living Things,9-Mar,Oral
9,3I,5-Mar,Oral,5-Mar,Multiplication,46071,Diversity of Living & Non Living Things,9-Mar,Oral
10,3I,5-Mar,Oral,5-Mar,Multiplication,46071,Diversity of Living & Non Living Things,9-Mar,Oral
11,3I,5-Mar,Oral,5-Mar,Multiplication,46071,Diversity of Living & Non Living Things,9-Mar,Oral
12,3I,5-Mar,Oral,5-Mar,Multiplication,46071,Diversity of Living & Non Living Things,9-Mar,Oral
13,3I,5-Mar,Oral,5-Mar,Multiplication,46071,Diversity of Living & Non Living Things,9-Mar,Oral
14,3I,5-Mar,Oral,5-Mar,Multiplication,46071,Diversity of Living & Non Living Things,9-Mar,Oral
15,3I,5-Mar,Oral,5-Mar,Multiplication,46071,Diversity of Living & Non Living Things,9-Mar,Oral
16,3I,5-Mar,Oral,5-Mar,Multiplication,46071,Diversity of Living & Non Living Things,9-Mar,Oral
17,3I,5-Mar,Oral,5-Mar,Multiplication,46071,Diversity of Living & Non Living Things,9-Mar,Oral
18,3I,5-Mar,Oral,5-Mar,Multiplication,46071,Diversity of Living & Non Living Things,9-Mar,Oral
19,3I,5-Mar,Oral,5-Mar,Multiplication,46071,Diversity of Living & Non Living Things,9-Mar,Oral
20,3I,5-Mar,Oral,5-Mar,Multiplication,46071,Diversity of Living & Non Living Things,9-Mar,Oral
21,3I,5-Mar,Oral,5-Mar,Multiplication,46071,Diversity of Living & Non Living Things,9-Mar,Oral
22,3I,5-Mar,Oral,5-Mar,Multiplication,46071,Diversity of Living & Non Living Things,9-Mar,Oral
23,3I,5-Mar,Oral,5-Mar,Multiplication,46071,Diversity of Living & Non Living Things,9-Mar,Oral
24,3I,5-Mar,Oral,5-Mar,Multiplication,46071,Diversity of Living & Non Living Things,9-Mar,Oral
25,3I,5-Mar,Oral,5-Mar,Multiplication,46071,Diversity of Living & Non Living Things,9-Mar,Oral
26,3I,5-Mar,Oral,5-Mar,Multiplication,46071,Diversity of Living & Non Living Things,9-Mar,Oral
27,3I,5-Mar,Oral,5-Mar,Multiplication,46071,Diversity of Living & Non Living Things,9-Mar,Oral
28,3I,5-Mar,Oral,5-Mar,Multiplication,46071,Diversity of Living & Non Living Things,9-Mar,Oral
1,3R,28-Feb,Oral,17-Mar,Multiplication,10-Mar,Diversity of Living & Non Living Things,9-Mar,Oral
2,3R,28-Feb,Oral,17-Mar,Multiplication,10-Mar,Diversity of Living & Non Living Things,9-Mar,Oral
3,3R,28-Feb,Oral,17-Mar,Multiplication,10-Mar,Diversity of Living & Non Living Things,9-Mar,Oral
4,3R,28-Feb,Oral,17-Mar,Multiplication,10-Mar,Diversity of Living & Non Living Things,9-Mar,Oral
5,3R,28-Feb,Oral,17-Mar,Multiplication,10-Mar,Diversity of Living & Non Living Things,9-Mar,Oral
6,3R,28-Feb,Oral,17-Mar,Multiplication,10-Mar,Diversity of Living & Non Living Things,9-Mar,Oral
7,3R,28-Feb,Oral,17-Mar,Multiplication,10-Mar,Diversity of Living & Non Living Things,9-Mar,Oral
8,3R,28-Feb,Oral,17-Mar,Multiplication,10-Mar,Diversity of Living & Non Living Things,9-Mar,Oral
9,3R,28-Feb,Oral,17-Mar,Multiplication,10-Mar,Diversity of Living & Non Living Things,9-Mar,Oral
10,3R,28-Feb,Oral,17-Mar,Multiplication,10-Mar,Diversity of Living & Non Living Things,9-Mar,Oral
11,3R,28-Feb,Oral,17-Mar,Multiplication,10-Mar,Diversity of Living & Non Living Things,9-Mar,Oral
12,3R,28-Feb,Oral,17-Mar,Multiplication,10-Mar,Diversity of Living & Non Living Things,9-Mar,Oral
13,3R,28-Feb,Oral,17-Mar,Multiplication,10-Mar,Diversity of Living & Non Living Things,9-Mar,Oral
14,3R,28-Feb,Oral,17-Mar,Multiplication,10-Mar,Diversity of Living & Non Living Things,9-Mar,Oral
15,3R,28-Feb,Oral,17-Mar,Multiplication,10-Mar,Diversity of Living & Non Living Things,9-Mar,Oral
16,3R,28-Feb,Oral,17-Mar,Multiplication,10-Mar,Diversity of Living & Non Living Things,9-Mar,Oral
17,3R,28-Feb,Oral,17-Mar,Multiplication,10-Mar,Diversity of Living & Non Living Things,9-Mar,Oral
18,3R,28-Feb,Oral,17-Mar,Multiplication,10-Mar,Diversity of Living & Non Living Things,9-Mar,Oral
19,3R,28-Feb,Oral,17-Mar,Multiplication,10-Mar,Diversity of Living & Non Living Things,9-Mar,Oral
20,3R,28-Feb,Oral,17-Mar,Multiplication,10-Mar,Diversity of Living & Non Living Things,9-Mar,Oral
21,3R,28-Feb,Oral,17-Mar,Multiplication,10-Mar,Diversity of Living & Non Living Things,9-Mar,Oral
22,3R,28-Feb,Oral,17-Mar,Multiplication,10-Mar,Diversity of Living & Non Living Things,exempted. ,Oral
23,3R,28-Feb,Oral,17-Mar,Multiplication,10-Mar,Diversity of Living & Non Living Things,9-Mar,Oral
24,3R,28-Feb,Oral,17-Mar,Multiplication,10-Mar,Diversity of Living & Non Living Things,9-Mar,Oral
25,3R,28-Feb,Oral,17-Mar,Multiplication,10-Mar,Diversity of Living & Non Living Things,9-Mar,Oral
26,3R,28-Feb,Oral,17-Mar,Multiplication,10-Mar,Diversity of Living & Non Living Things,9-Mar,Oral
27,3R,28-Feb,Oral,17-Mar,Multiplication,10-Mar,Diversity of Living & Non Living Things,9-Mar,Oral
28,3R,28-Feb,Oral,17-Mar,Multiplication,10-Mar,Diversity of Living & Non Living Things,exempted,Oral
1,3E,5-Mar,Oral,27-Feb,Multiplication,9-Mar,Diversity of Living & Non Living Things,9-Mar,Oral
2,3E,5-Mar,Oral,27-Feb,Multiplication,9-Mar,Diversity of Living & Non Living Things,9-Mar,Oral
3,3E,5-Mar,Oral,27-Feb,Multiplication,9-Mar,Diversity of Living & Non Living Things,9-Mar,Oral
4,3E,5-Mar,Oral,27-Feb,Multiplication,9-Mar,Diversity of Living & Non Living Things,9-Mar,Oral
5,3E,5-Mar,Oral,27-Feb,Multiplication,9-Mar,Diversity of Living & Non Living Things,9-Mar,Oral
6,3E,5-Mar,Oral,27-Feb,Multiplication,9-Mar,Diversity of Living & Non Living Things,9-Mar,Oral
7,3E,5-Mar,Oral,27-Feb,Multiplication,9-Mar,Diversity of Living & Non Living Things,9-Mar,Oral
8,3E,5-Mar,Oral,27-Feb,Multiplication,9-Mar,Diversity of Living & Non Living Things,9-Mar,Oral
9,3E,5-Mar,Oral,27-Feb,Multiplication,9-Mar,Diversity of Living & Non Living Things,9-Mar,Oral
10,3E,5-Mar,Oral,27-Feb,Multiplication,9-Mar,Diversity of Living & Non Living Things,9-Mar,Oral
11,3E,5-Mar,Oral,27-Feb,Multiplication,9-Mar,Diversity of Living & Non Living Things,9-Mar,Oral
12,3E,5-Mar,Oral,27-Feb,Multiplication,9-Mar,Diversity of Living & Non Living Things,9-Mar,Oral
13,3E,5-Mar,Oral,27-Feb,Multiplication,9-Mar,Diversity of Living & Non Living Things,9-Mar,Oral
14,3E,5-Mar,Oral,27-Feb,Multiplication,9-Mar,Diversity of Living & Non Living Things,9-Mar,Oral
15,3E,5-Mar,Oral,27-Feb,Multiplication,9-Mar,Diversity of Living & Non Living Things,9-Mar,Oral
16,3E,5-Mar,Oral,27-Feb,Multiplication,9-Mar,Diversity of Living & Non Living Things,9-Mar,Oral
17,3E,5-Mar,Oral,27-Feb,Multiplication,9-Mar,Diversity of Living & Non Living Things,9-Mar,Oral
18,3E,5-Mar,Oral,27-Feb,Multiplication,9-Mar,Diversity of Living & Non Living Things,9-Mar,Oral
19,3E,5-Mar,Oral,27-Feb,Multiplication,9-Mar,Diversity of Living & Non Living Things,9-Mar,Oral
20,3E,5-Mar,Oral,27-Feb,Multiplication,9-Mar,Diversity of Living & Non Living Things,9-Mar,Oral
21,3E,5-Mar,Oral,27-Feb,Multiplication,9-Mar,Diversity of Living & Non Living Things,9-Mar,Oral
22,3E,5-Mar,Oral,27-Feb,Multiplication,9-Mar,Diversity of Living & Non Living Things,9-Mar,Oral
23,3E,5-Mar,Oral,27-Feb,Multiplication,9-Mar,Diversity of Living & Non Living Things,9-Mar,Oral
24,3E,5-Mar,Oral,27-Feb,Multiplication,9-Mar,Diversity of Living & Non Living Things,9-Mar,Oral
25,3E,5-Mar,Oral,27-Feb,Multiplication,9-Mar,Diversity of Living & Non Living Things,9-Mar,Oral
26,3E,5-Mar,Oral,27-Feb,Multiplication,9-Mar,Diversity of Living & Non Living Things,9-Mar,Oral
27,3E,5-Mar,Oral,27-Feb,Multiplication,9-Mar,Diversity of Living & Non Living Things,9-Mar,Oral
28,3E,5-Mar,Oral,27-Feb,Multiplication,9-Mar,Diversity of Living & Non Living Things,9-Mar,Oral
1,4P,2-Mar,Grammer,3-Mar,Fractions,10-Mar,Matter,11-Mar,Oral
2,4P,2-Mar,Grammer,3-Mar,Fractions,10-Mar,Matter,11-Mar,Oral
3,4P,2-Mar,Grammer,3-Mar,Fractions,10-Mar,Matter,11-Mar,Oral
4,4P,2-Mar,Grammer,3-Mar,Fractions,10-Mar,Matter,11-Mar,Oral
5,4P,2-Mar,Grammer,3-Mar,Fractions,10-Mar,Matter,11-Mar,Oral
6,4P,2-Mar,Grammer,3-Mar,Fractions,10-Mar,Matter,11-Mar,Oral
7,4P,2-Mar,Grammer,3-Mar,Fractions,10-Mar,Matter,11-Mar,Oral
8,4P,2-Mar,Grammer,3-Mar,Fractions,10-Mar,Matter,11-Mar,Oral
9,4P,2-Mar,Grammer,3-Mar,Fractions,10-Mar,Matter,11-Mar,Oral
10,4P,2-Mar,Grammer,3-Mar,Fractions,10-Mar,Matter,11-Mar,Oral
11,4P,2-Mar,Grammer,3-Mar,Fractions,10-Mar,Matter,11-Mar,Oral
12,4P,2-Mar,Grammer,3-Mar,Fractions,10-Mar,Matter,11-Mar,Oral
13,4P,2-Mar,Grammer,3-Mar,Fractions,10-Mar,Matter,11-Mar,Oral
14,4P,2-Mar,Grammer,3-Mar,Fractions,10-Mar,Matter,11-Mar,Oral
15,4P,2-Mar,Grammer,3-Mar,Fractions,10-Mar,Matter,11-Mar,Oral
16,4P,2-Mar,Grammer,3-Mar,Fractions,10-Mar,Matter,11-Mar,Oral
17,4P,2-Mar,Grammer,3-Mar,Fractions,10-Mar,Matter,11-Mar,Oral
18,4P,2-Mar,Grammer,3-Mar,Fractions,10-Mar,Matter,11-Mar,Oral
19,4P,2-Mar,Grammer,3-Mar,Fractions,10-Mar,Matter,11-Mar,Oral
20,4P,2-Mar,Grammer,3-Mar,Fractions,10-Mar,Matter,11-Mar,Oral
21,4P,2-Mar,Grammer,3-Mar,Fractions,10-Mar,Matter,11-Mar,Oral
22,4P,2-Mar,Grammer,3-Mar,Fractions,10-Mar,Matter,11-Mar,Oral
23,4P,2-Mar,Grammer,3-Mar,Fractions,10-Mar,Matter,11-Mar,Oral
24,4P,2-Mar,Grammer,3-Mar,Fractions,10-Mar,Matter,11-Mar,Oral
25,4P,2-Mar,Grammer,3-Mar,Fractions,10-Mar,Matter,11-Mar,Oral
26,4P,2-Mar,Grammer,3-Mar,Fractions,10-Mar,Matter,11-Mar,Oral
27,4P,2-Mar,Grammer,3-Mar,Fractions,10-Mar,Matter,11-Mar,Oral
28,4P,2-Mar,Grammer,3-Mar,Fractions,10-Mar,Matter,11-Mar,Oral
1,4I,5-Mar,Grammer,5-Mar,Fractions,9-Mar,Matter,11-Mar,Oral
2,4I,5-Mar,Grammer,5-Mar,Fractions,9-Mar,Matter,11-Mar,Oral
3,4I,5-Mar,Grammer,5-Mar,Fractions,9-Mar,Matter,11-Mar,Oral
4,4I,5-Mar,Grammer,5-Mar,Fractions,9-Mar,Matter,11-Mar,Oral
5,4I,5-Mar,Grammer,5-Mar,Fractions,9-Mar,Matter,11-Mar,Oral
6,4I,5-Mar,Grammer,5-Mar,Fractions,9-Mar,Matter,11-Mar,Oral
7,4I,5-Mar,Grammer,5-Mar,Fractions,9-Mar,Matter,11-Mar,Oral
8,4I,5-Mar,Grammer,5-Mar,Fractions,9-Mar,Matter,11-Mar,Oral
9,4I,5-Mar,Grammer,5-Mar,Fractions,9-Mar,Matter,11-Mar,Oral
10,4I,5-Mar,Grammer,5-Mar,Fractions,9-Mar,Matter,11-Mar,Oral
11,4I,5-Mar,Grammer,5-Mar,Fractions,9-Mar,Matter,11-Mar,Oral
12,4I,5-Mar,Grammer,5-Mar,Fractions,9-Mar,Matter,11-Mar,Oral
13,4I,5-Mar,Grammer,5-Mar,Fractions,9-Mar,Matter,11-Mar,Oral
14,4I,5-Mar,Grammer,5-Mar,Fractions,9-Mar,Matter,11-Mar,Oral
15,4I,5-Mar,Grammer,5-Mar,Fractions,9-Mar,Matter,11-Mar,Oral
16,4I,5-Mar,Grammer,5-Mar,Fractions,9-Mar,Matter,11-Mar,Oral
17,4I,5-Mar,Grammer,5-Mar,Fractions,9-Mar,Matter,11-Mar,Oral
18,4I,5-Mar,Grammer,5-Mar,Fractions,9-Mar,Matter,11-Mar,Oral
19,4I,5-Mar,Grammer,5-Mar,Fractions,9-Mar,Matter,11-Mar,Oral
20,4I,5-Mar,Grammer,5-Mar,Fractions,9-Mar,Matter,11-Mar,Oral
21,4I,5-Mar,Grammer,5-Mar,Fractions,9-Mar,Matter,11-Mar,Oral
22,4I,5-Mar,Grammer,5-Mar,Fractions,9-Mar,Matter,11-Mar,Oral
23,4I,5-Mar,Grammer,5-Mar,Fractions,9-Mar,Matter,11-Mar,Oral
24,4I,5-Mar,Grammer,5-Mar,Fractions,9-Mar,Matter,11-Mar,Oral
25,4I,5-Mar,Grammer,5-Mar,Fractions,9-Mar,Matter,11-Mar,Oral
26,4I,5-Mar,Grammer,5-Mar,Fractions,9-Mar,Matter,11-Mar,Oral
27,4I,5-Mar,Grammer,5-Mar,Fractions,9-Mar,Matter,11-Mar,Oral
28,4I,5-Mar,Grammer,5-Mar,Fractions,9-Mar,Matter,11-Mar,Oral
1,4R,28-Feb,Grammer,6-Mar,Fractions,10-Mar,Matter,11-Mar,Oral
2,4R,28-Feb,Grammer,6-Mar,Fractions,10-Mar,Matter,11-Mar,Oral
3,4R,28-Feb,Grammer,6-Mar,Fractions,10-Mar,Matter,11-Mar,Oral
4,4R,28-Feb,Grammer,6-Mar,Fractions,10-Mar,Matter,11-Mar,Oral
5,4R,28-Feb,Grammer,6-Mar,Fractions,10-Mar,Matter,11-Mar,Oral
6,4R,28-Feb,Grammer,6-Mar,Fractions,10-Mar,Matter,11-Mar,Oral
7,4R,28-Feb,Grammer,6-Mar,Fractions,10-Mar,Matter,Exempted,Oral
8,4R,28-Feb,Grammer,6-Mar,Fractions,10-Mar,Matter,11-Mar,Oral
9,4R,28-Feb,Grammer,6-Mar,Fractions,10-Mar,Matter,11-Mar,Oral
10,4R,28-Feb,Grammer,6-Mar,Fractions,10-Mar,Matter,11-Mar,Oral
11,4R,28-Feb,Grammer,6-Mar,Fractions,10-Mar,Matter,11-Mar,Oral
12,4R,28-Feb,Grammer,6-Mar,Fractions,10-Mar,Matter,11-Mar,Oral
13,4R,28-Feb,Grammer,6-Mar,Fractions,10-Mar,Matter,11-Mar,Oral
14,4R,28-Feb,Grammer,6-Mar,Fractions,10-Mar,Matter,11-Mar,Oral
15,4R,28-Feb,Grammer,6-Mar,Fractions,10-Mar,Matter,11-Mar,Oral
16,4R,28-Feb,Grammer,6-Mar,Fractions,10-Mar,Matter,11-Mar,Oral
17,4R,28-Feb,Grammer,6-Mar,Fractions,10-Mar,Matter,11-Mar,Oral
18,4R,28-Feb,Grammer,6-Mar,Fractions,10-Mar,Matter,11-Mar,Oral
19,4R,28-Feb,Grammer,6-Mar,Fractions,10-Mar,Matter,11-Mar,Oral
20,4R,28-Feb,Grammer,6-Mar,Fractions,10-Mar,Matter,11-Mar,Oral
21,4R,28-Feb,Grammer,6-Mar,Fractions,10-Mar,Matter,11-Mar,Oral
22,4R,28-Feb,Grammer,6-Mar,Fractions,10-Mar,Matter,11-Mar,Oral
23,4R,28-Feb,Grammer,6-Mar,Fractions,10-Mar,Matter,11-Mar,Oral
24,4R,28-Feb,Grammer,6-Mar,Fractions,10-Mar,Matter,11-Mar,Oral
25,4R,28-Feb,Grammer,6-Mar,Fractions,10-Mar,Matter,11-Mar,Oral
26,4R,28-Feb,Grammer,6-Mar,Fractions,10-Mar,Matter,11-Mar,Oral
27,4R,28-Feb,Grammer,6-Mar,Fractions,10-Mar,Matter,11-Mar,Oral
28,4R,28-Feb,Grammer,6-Mar,Fractions,10-Mar,Matter,11-Mar,Oral
1,4E,5-Mar,Grammer,27-Feb,Fractions,9-Mar,Matter,11-Mar,Vocabulary
2,4E,5-Mar,Grammer,27-Feb,Fractions,9-Mar,Matter,11-Mar,Vocabulary
3,4E,5-Mar,Grammer,27-Feb,Fractions,9-Mar,Matter,11-Mar,Vocabulary
4,4E,5-Mar,Grammer,27-Feb,Fractions,9-Mar,Matter,11-Mar,Vocabulary
5,4E,5-Mar,Grammer,27-Feb,Fractions,9-Mar,Matter,11-Mar,Vocabulary
6,4E,5-Mar,Grammer,27-Feb,Fractions,9-Mar,Matter,11-Mar,Vocabulary
7,4E,5-Mar,Grammer,27-Feb,Fractions,9-Mar,Matter,11-Mar,Vocabulary
8,4E,5-Mar,Grammer,27-Feb,Fractions,9-Mar,Matter,11-Mar,Vocabulary
9,4E,5-Mar,Grammer,27-Feb,Fractions,9-Mar,Matter,11-Mar,Vocabulary
10,4E,5-Mar,Grammer,27-Feb,Fractions,9-Mar,Matter,11-Mar,Vocabulary
11,4E,5-Mar,Grammer,27-Feb,Fractions,9-Mar,Matter,11-Mar,Vocabulary
12,4E,5-Mar,Grammer,27-Feb,Fractions,9-Mar,Matter,11-Mar,Vocabulary
13,4E,5-Mar,Grammer,27-Feb,Fractions,9-Mar,Matter,11-Mar,Vocabulary
14,4E,5-Mar,Grammer,27-Feb,Fractions,9-Mar,Matter,11-Mar,Vocabulary
15,4E,5-Mar,Grammer,27-Feb,Fractions,9-Mar,Matter,11-Mar,Vocabulary
16,4E,5-Mar,Grammer,27-Feb,Fractions,9-Mar,Matter,11-Mar,Vocabulary
17,4E,5-Mar,Grammer,27-Feb,Fractions,9-Mar,Matter,11-Mar,Vocabulary
18,4E,5-Mar,Grammer,27-Feb,Fractions,9-Mar,Matter,11-Mar,Vocabulary
19,4E,5-Mar,Grammer,27-Feb,Fractions,9-Mar,Matter,11-Mar,Vocabulary
20,4E,5-Mar,Grammer,27-Feb,Fractions,9-Mar,Matter,11-Mar,Vocabulary
21,4E,5-Mar,Grammer,27-Feb,Fractions,9-Mar,Matter,11-Mar,Vocabulary
22,4E,5-Mar,Grammer,27-Feb,Fractions,9-Mar,Matter,11-Mar,Vocabulary
23,4E,5-Mar,Grammer,27-Feb,Fractions,9-Mar,Matter,11-Mar,Vocabulary
24,4E,5-Mar,Grammer,27-Feb,Fractions,9-Mar,Matter,11-Mar,Vocabulary
25,4E,5-Mar,Grammer,27-Feb,Fractions,9-Mar,Matter,11-Mar,Vocabulary
26,4E,5-Mar,Grammer,27-Feb,Fractions,9-Mar,Matter,11-Mar,Vocabulary
27,4E,5-Mar,Grammer,27-Feb,Fractions,9-Mar,Matter,11-Mar,Vocabulary
28,4E,5-Mar,Grammer,27-Feb,Fractions,9-Mar,Matter,11-Mar,Vocabulary
